Station number,Element,Date,Metadata,Adjustment,Seasonal,Cumulative ,Monthly,Spike?,C1,C2,C3,C4,C5,C6,C7,C8,C9,C10,Notes
1019,Max,16/09/1998,Merge,-0.07,"Spr 0.36, sum -0.42",-0.1,,,1021
1019,Min,16/09/1998,Merge,-1.18,,-1.1,,,1021
1019,Max,23/08/1991,Move,-0.18,Winter -0.62,-0.3,,,1025,1013,2014,2056,1007,2032,3051,14850
1019,Min,23/08/1991,Move,0.5,,-0.6,,,1025,2056,1013,14938,2014,14901,3051,2032,14825,14840
1019,Min,1/01/1988,,0.33,,-0.4,,,1013,14938,2014,14901,3051,2032,14825,14840,14850
1019,Max,1/01/1986,,-0.73,,-1,,,1013,2032,1009,14850,3069
1019,Min,1/01/1976,,-0.45,,-0.8,,,1012,2038,14908,1013,2014,14901,14902,2032,14825,14840
1019,Max,1/01/1960,,0.71,,-0.3,Yes,,1005,1007,2012,2014
1019,Min,1/01/1943,,-2.93,,-3.4,Yes,,1005,14902,14905
2012,Max,1/01/2004,,0.32,,0.3,,,2032,13007,15666,2064,14829,1018,3093,14840,2056,2014,No adjustment for 2012/2071 merge
2012,Max,1/01/1971,,0.36,,0.7,,,2032,14829,3006,2014,14825,2038,3040,15528,1013,15089
2012,Min,1/01/1969,,0.8,,0.8,,,2032,3006,15528,14825,2038,15525,15085
2012,Min,1/01/1959,,-0.51,,0.2,Yes,,3006,1005,15085
2012,Max,1/11/1949,Merge,0.57,,0.6,,,2011,,,,,,,,,,Only 1949-52 used in merge
2012,Min,1/11/1949,Merge,1.44,,1.5,,,2011,,,,,,,,,,Only 1949-52 used in merge
2012,Max,1/01/1938,,-0.72,,-0.2,Yes,,15087,15540,1005,37010
2012,Min,1/01/1927,,0.58,,2.1,Yes,,1005,15087,3002,,,,,,,,Some correlations in 0.5-0.6 range
2012,Min,1/01/1922,,-0.82,,1.2,Yes,,1005,15087,3002,,,,,,,,Some correlations in 0.5-0.6 range
2012,Max,1/01/1920,,-0.37,,-0.6,Yes,,15087,15540,1005,37010
3003,Min,1/01/2002,,0.6,,0.6,,,3096,3032,3030,3093,1018,3057
3003,Min,2/08/1995,Merge,-0.3,,0.4,,,3089
3003,Min,1/01/1992,,-0.48,,-0.2,,,3032,3030,3007,3057
3003,Min,1/01/1958,,0.38,,0.2,Yes,,2012,3006,3004
3003,Min,11/08/1939,Merge,0.17,Spring 0.74,0.2,,,3002,,,,,,,,,,Only 1939-44 used in merge
3003,Max,1/12/1921,Screen,-0.26,Spr -0.4 sum -0.3,-0.3,Yes,,4002,3007,,,,,,,,,Some correlations in 0.5-0.6 range
4032,Max,10/12/1998,Merge,-0.28,Win -0.46 sum -0.5,-0.3,,,4104
4032,Min,1/01/1975,,-0.51,,-0.3,Yes,Yes,4074,4020,5061,4035,4027,5008,4027,5026,3030,5017,Spike 1972-75
4032,Min,1/01/1975,,0.31,,0.3,,,4074,4020,5061,4035,4027,5008,4027,5026,3030,5017,1969-71 used in adjustment
4032,Min,1/01/1968,,-0.51,,-0.2,,,4020,4035,4027,5008,3059,4019,7062
4032,Max,1/01/1959,,0.45,,0.2,,,4020,5026,5017
4032,Min,1/01/1954,,0.37,,0.2,Yes,,4020,4035,7062
4032,Max,1/01/1951,,0.32,,0.3,Yes,,4035,4020,4027,5017
4032,Min,1/07/1948,Move (n),-1.53,,-1.5,Yes,,4020,4035,7062,,,,,,,,No adjustment required for max
4032,Max,1/05/1943,Move,0.33,,0.4,Yes,,4035,4020,4027,5017
4032,Min,1/05/1943,Move,-0.28,"Spr -0.33, sum -0.47",-1.8,Yes,,4020,4035,7062
4032,Max,1/01/1937,,0.89,,1.2,Yes,,4035,4020,4027
4106,Max,2/10/1997,Move,-0.71,,-0.7,,,13030,5026,4035,5069,4032,13017,13011,4019,7080,5008,No adjustment for 4020/4106 merge
4106,Min,2/10/1997,Move,-0.59,,-0.6,,,4032,13030,4035,5026,,,,,,,"Adjustments across moves in 1995 and 1997, using 1998-2002 and 1990-94 as reference"
4106,Max,19/07/1988,Move,0.32,,-0.4,,,4084,4074,4043,13030,5026,7151,4035,7178,5069,4032
4106,Max,1/08/1984,Move,0.57,,0.2,,,4084,4074,4043,13030,5026,7151,4035,7178,5069,4032
4106,Max,1/05/1967,Move,-0.41,,-0.3,,,5026,4035,7062,4032,13017,4019,5008,,,,1960-64 used as ref (1965 move)
4106,Min,1/05/1967,Move,0.56,,-0.1,,,4032,4035,5026,7062,,,,,,,1960-64 used as ref (1965 move)
4106,Max,1/11/1944,Move,-0.52,,-0.7,Yes,,13012,4035,7062
5026,Max,1/01/1985,,0.47,,0.5,,,4043,7151,4020,7178,4084,5069,4074,4035,13030,7080
5026,Max,1/01/1979,,-0.49,,0,,,4043,5064,4079,7151,4027,4020,4084,5069,4074,4035
6011,Min,1/01/1975,,-0.53,,-0.5,,,6025,6022,7057,7064,7045,7017,8093,7161,13012,8095
6011,Max,1/01/1973,,0.61,,0.6,,,6087,8251,8051,6025
6011,Min,1/01/1964,Obs time,-0.26,,-0.8,,,6025,7057,7091,7017,8093,8095,13012,12052,12046,8028
6011,Max,10/01/1945,Merge,0.69,,0.7,,,6062
6011,Min,10/01/1945,Merge,-1.04,,-1.1,,,6062
6011,Max,1/09/1931,Screen,-0.01,"Aut 0.37, sum -0.30",0.7,Yes,,8050,8028,8095,,,,,,,,Some correlations in 0.5-0.6 range
6011,Min,1/09/1931,Screen,-0.44,,-1.5,Yes,,6025,7091,7017,8093,13012,8095,7046,12052,8028
6011,Min,1/01/1918,,-0.29,"Aut -0.50, win -0.33",-1.8,Yes,,6025,7091,7017,13012,12052,8028
7045,Max,11/12/1998,Merge,-0.25,"Spr -0.34, sum -0.32",-0.3,,,7204
7045,Min,11/12/1998,Merge,0.3,,0.3,,,7204
7045,Min,25/04/1950,Move (n),0.29,Autumn 0.87,0.3,Yes,,7017,12008,13012,7064,12052,7091,12045,6022,12039,12038
7045,Max,1/01/1946,Site env,-0.93,,-0.9,Yes,,7017,12008,13012,7064,7091,6022,12045,12052,12039,12038
7045,Max,1/01/1934,,0.54,,-0.4,Yes,,7017,13012,7064,7091,12045,12052,12039,12074,10093,7062
7045,Min,1/01/1934,,1.26,,1.5,Yes,,7017,13012,7064,12052,7091,12045,12039,8095,8093,12074
7045,Min,1/01/1930,,-0.85,,0.7,Yes,,7017,13012,7064,12052,7091,12045,12039,8095,8093,12074
7045,Max,1/01/1929,,-0.77,,-1.1,Yes,,7017,13012,7064,7091,12045,12052,12039,12074,10093,7062
8039,Min,1/01/1960,,0.45,,0.4,,,10007,8138,8025,8151,8093,10035,10093,9034,10073,12074
8051,Min,1/01/2005,,0.5,,0.5,,,9131,8296,9178,8137,8225,8025,8251,8297,9114,10286
8051,Max,1/01/1989,,-0.33,,-0.3,,,9131,8225,8251,9114,9034,8095,9021,9037,9151,9194
8051,Min,1/01/1966,,-0.2,Summer -0.60,0.3,,,8028,8025,8093,8039,8151,8138,8095,10035,10007,10111,1959-63 used as reference (obs time change 1964)
8051,Max,1/01/1942,Move (n),1.45,,1.2,,,10073,8137,10515,10536,10111,10626,10092,10612,10007,10524,Overlap with 8050 not used for adjustment
8051,Min,1/01/1942,Move (n),-1.28,,-0.9,,,8028,8093,8151,9034,8095,10111,10144,10073,10093,12074,Overlap with 8050 not used for adjustment
8051,Max,1/01/1927,Move,-0.53,,0.7,,,8028,9034,8151,9534,10111,10648,6062,9510,10614,10579
8296,Min,26/03/1997,Merge,-0.29,Spring -0.56,-0.2,,,8093
8296,Max,1/01/1965,,-0.68,,-0.7,,,8025,8039,8095,10007,7064,7091,8138,8151,10035,9053
8296,Min,1/01/1953,,0.31,,0,,,8025,8095,8151,8138,8028,8051,12074,10093,9021,9034,1945-49 used as reference
8296,Max,1/01/1943,,-0.35,,-1,,,8025,8095,8151,9053,10111,10144,10073,10093,8028,10648
8296,Max,1/01/1935,,0.55,,-0.5,,,8095,8151,10111,10073,10093,8028,10648,12074,10614,9034
9021,Max,15/11/1997,Merge,0.26,Spring 0.71,0.3,,,9250
9021,Min,15/11/1997,Merge,-0.57,,-0.5,,,9250
9021,Min,3/03/1988,Move,0.48,,-0.1,,,9034,9053,9194,9111,9067,9538,9064,8137,10515,8091
9021,Max,1/01/1971,,0.27,Summer 0.52,0.6,,,9034,9053,9538,9111,9135,9572,9642,9017,10144,10244
9021,Min,1/01/1971,,-0.65,,-0.8,,,9034,9053,9035,9111,9017,9067,9538,9572,9064,8137
9021,Max,1/08/1963,Merge,1.22,,0.4,,,9034,,,,,,,,,,Only 1964-66 used in merge
9021,Min,1/08/1963,Merge,-1.65,,0.5,,,9034,,,,,,,,,,Only 1964-66 used in merge
9021,Max,1/08/1963,Move,0.01,"Win 0.33, sum -0.32",0.4,,,9053,9538,10144,9534,9628,10111,10648,9064,9510,10035
9021,Min,1/08/1963,Move,0.53,,0.5,,,9538,9064,10144,10648,10111,10035,9534,8025,8039,8138
9021,Min,1/01/1937,,-0.5,,-1.7,,,10144,10648,8151,10111,9534,10614,10073,8093,10093,10579
9510,Max,1/01/1993,,0.28,Winter 0.56,0.3,,,9573,9842,9592,9534,9538,9111,9642,10582,10647,9021
9510,Max,1/01/1981,,-0.56,,-0.2,,,9573,9842,9592,9534,9538,9111,9642,10582,10647,9021
9510,Max,1/01/1945,,-0.03,"Win 0.36, sum -0.47",-0.3,,,9534,10579,10648,9034,10144,10614,9581,10111,8151,9518,1937-41 used as reference
9510,Min,1/01/1945,,-0.17,"Sum -0.47, aut -0.37",-0.2,,,9534,10579,10648,10614,9581,10144,9500,9034,10111
9510,Max,1/11/1935,Move,-0.68,,-0.9,,,9534,10579,10648,9034,10614,9581,10111,8151,9518,10073
9510,Min,1/11/1935,Move,-0.28,Winter -0.64,-0.4,,,9534,10579,10648,10614,9581,9500,9034,10111
9510,Max,1/01/1927,,0.89,,0.1,,,9534,10579,10648,9034,10614,9581,10111,8151,9518,10073
9510,Max,1/01/1914,,-0.44,,-0.4,,,9534,10579,10648,9034,9581,10111,8151,9518,10073,9500
9518,Max,14/04/1999,Move,-0.39,,-0.4,,,9871,9592,9573,9741,9964,9510,9581,9842,9225,9603,In current version move is implemented 1/1/2000
9518,Min,1/01/1996,,0.28,"Spr 0.31, sum 0.30",0.3,,,9573,9519,9193,9592,9581,10622,9215,9887,9064,10905
9518,Max,1/10/1978,Move,0.61,,0.3,,,9592,9573,9741,9510,9581,9842,10582,9637,9038,9534
9518,Max,1/01/1971,,-0.3,,0,,,9592,9573,9504,9741,9510,9581,10582,9637,9038,9534
9518,Max,1/06/1936,Screen,-0.56,,-0.6,,,9510,9581,9500,9534,10579,9034,10648,10614,10111,8151
9741,Max,4/08/1992,Move,-0.47,,-0.5,,,9581,9754,10622,10579,10582,9573,9592,10647,9510,9871
9741,Max,12/04/1965,Merge,0.67,,0.6,,,9500,,,,,,,,,,Post-2002 9500 used as proxy for pre-1965
9741,Min,12/04/1965,Merge,-1.98,,-1.9,,,9500,,,,,,,,,,Post-2002 9500 used as proxy for pre-1965
9741,Min,1/01/1950,Move,0.42,,-1.6,,,9581,10579,9510,9518,10614,9534,10144,10648
9741,Max,1/01/1943,,-0.34,,0.3,,,9581,10579,9518,10614,10648,10144,9510,9034,10073,9541
9741,Max,1/01/1930,,0.26,"Spr 0.38, sum 0.41",0.4,,,9581,10579,9518,10614,10648,9510,9034,10073,9541,10111
9741,Max,1/01/1925,Move,-0.93,,-0.4,,,9581,10579,9518,10614,10648,9510,9034,10073,9541,10111
9741,Min,1/02/1916,Move,-0.72,,-1.7,Yes,Yes,9581,10579,9510,9518,9534,10648,,,,,"Interval between 1913 and 1916 moves treated as spike, then merged across 1913-16 period"
9741,Max,1/02/1916,Move,0.44,,0,,,9581,10579,9518,10648,9510,9034,10073,9541,10111,8151
9741,Min,1/02/1916,Move,0.53,,-1,,,9581,10579,9510,9518,9534,10648
9789,Max,1/01/1999,Site env,-0.36,,-0.3,,,9542,12071,10633,9961,10905,10692,10622,12065,10568,10592
9789,Max,30/06/1969,Move (n),0.19,Summer 0.59,-0.2,,,9631,10633,12065,12071,10592,12038,10536,10093,9787,10035,1962-66 used as reference period
9789,Min,30/06/1969,Move (n),-0.25,Summer -0.81,-0.2,,,9631,12071,10633,12065,11017,10592,10622,12038,11013,10612,1962-66 used as reference period
9789,Max,1/01/1926,,0.49,,0.3,,,12074,9500,10073,10093,10579,9581,10614,10111,10648
9789,Min,1/01/1926,,0.33,,0.1,Yes,,11017,9500,11013,12039
10092,Max,1/01/2006,,0.3,,0.3,,,10007,10612,12320,8137,10286,10073,8039,10536,10568,8297
10092,Min,1/01/1939,,-0.34,,-0.4,,,10073,12074,10144,10111,8151,10614,9034,8093,10648,10579,"No adjustment for 10092/93 merge, either max or min. 10092 used from 1/1/1976."
10092,Max,1/01/1931,,0.54,,0.2,,,10073,12074,10111,8151,10614,10648,10579,8093,8095,9034
10092,Max,1/01/1923,,-0.32,,-0.1,,,10073,12074,10111,8151,10614,10648,10579,9034,12039,8028
10092,Min,1/01/1922,,0.75,,0.4,,,10073,12074,10111,8151,10614,9034,10648,10579,12039,8050
10286,Min,1/01/1997,Move (n),-0.66,,-0.6,,,10073,10092,8137,10626,10007,10515,10612,10536,10058,10111,Overlap with 10035 not used for adjustment
10286,Max,26/08/1993,Move,-0.43,,-0.3,,,10073,8137,10144,10515,10536,10111,10626,10092,10612,10007
10286,Min,1/01/1986,,-0.47,,-1,,,10073,10092,8137,10626,10007,10515,10612,10144,10536,10058
10286,Max,1/01/1967,,0.29,"Spr 0.32, sum 0.42",0,,,10144,10536,10111,10152,10007,10093,8039,8138,10614,10648
10286,Max,1/01/1956,,-0.42,,-0.4,,,10144,10536,10111,10093,8138,10614,10648,8151,10579,9053
10579,Max,1/07/1987,Move,0.25,"Aut 0.31, sum 0.45",0.3,,,10647,10582,10622,10592,10614,10626,10536,10648,10515,10524
10579,Min,1/01/1983,,-0.34,,-0.3,,,10647,10622,10582,10592,10614,10626,10536,9573,9843,10648
10579,Max,1/01/1975,,-0.25,Summer -0.53,0,,,10647,10582,10622,10592,10614,10626,10536,10648,10515,10524
10579,Max,1/01/1952,Move,-0.38,,-0.4,,,10614,10536,10648,10144,9581,9510,10111,10073,9021,9053
10579,Max,1/01/1926,,0.5,,0.1,,,10614,10648,9581,9510,10111,10073,9534,8151,9034,10093
10579,Max,1/01/1913,,-0.44,,-0.3,,,10648,9581,9510,10111,10073,9534,8151,9034,9500,9518
10917,Max,14/12/1998,Merge,-0.32,,-0.3,,,10648
10917,Min,14/12/1998,Merge,-0.67,,-0.6,,,10648
10917,Max,1/01/1988,Move,0.31,,0,,,10144,10515,10647,10111,10524,10614,9538,10035,10536,8137,Combined adjustment for moves Jul 1987 and May 1988
10917,Max,1/01/1982,,-0.55,,-0.6,,,10626,10144,10515,10647,10111,10524,10614,9538,10035,10536
10917,Max,1/01/1973,,0.3,,-0.2,,,10626,10144,10515,10244,10647,10111,10524,10614,9538,10035
11003,Max,25/03/1995,Move,-0.31,,-0.3,,,18106,18110,11045,11019,12219,18012,18079,12305,18069,11017
11003,Min,25/03/1995,Move,0.44,,0.5,,,18106,18110,11019
11003,Min,1/05/1988,Move,-0.29,"Win -0.38, spr -0.47",0.1,,,11004,18110,11019
11003,Min,1/01/1983,,0.4,,0.5,,,11004,18052,16044,11017,18014,18012,,,,,1977-80 used as reference
11003,Min,5/10/1976,Move,-0.7,,-0.2,,,11004,18110,11008,,,,,,,,1977-80 used as reference
11003,Max,1/08/1967,Move,-0.04,"Aut -0.36, spr 0.41",-0.3,,,11004,18110,11013,18012,18079,18069,18044
11003,Min,1/08/1967,Move,0.29,"Win 0.50, spr 0.36",0.1,,,11004,18110,11013
11003,Max,1/10/1962,Move,1.28,,1.1,,,11004,18110,11013,18012,18079,18069,18044
11003,Min,1/01/1955,,-0.83,,-0.7,Yes,,11004,18110,11013
11052,Max,15/03/1993,Merge,-0.22,"Aut -0.33, win -0.35",-0.2,,,11004
11052,Min,1/01/1972,,0.66,,0.6,,,18110,11013,11008,11003,18052,11017,16044,,,,"No adjustment for 11004/052 merge, either max or min. 11052 used from 15/3/1993"
11052,Max,1/01/1967,,0.41,,0.2,,,18110,11003,11013,12045,18079,18012,18044,12038,12046,12052
11052,Min,1/01/1964,Obs time,0.07,,0.7,,,18110,11013,18114
12038,Min,1/01/2002,,0.49,,0.5,,,12009,12065,12046,12074,12022,12320,12305,12314,7139,10007
12038,Min,1/01/1964,Obs time,0.18,,0.7,,,12052,12065,12046,12074,12045,7057,10007,10536,10592,10093
12038,Min,1/01/1944,Merge,-0.25,Winter -0.87,-0.3,,,12039
12038,Max,1/12/1936,Move,-0.54,,-0.5,,,12074,12071,10093,7046,10073,9541,8151,10111,10614
12038,Max,1/01/1930,,-0.62,,-1.2,,,12074,10093,7046,10073,9541,8151,10111,10614
13017,Min,1/01/1998,,-0.48,,-0.5,,,13011,15652,13015,15660,15603,13030,15635,16085,16090,15511
13017,Min,1/07/1978,Obs time,0.64,,0.1,,,13011,15527,13030,16013,7151,15511,5064
13017,Min,1/01/1964,Obs time,-0.41,,-0.3,,,18114,7062,18110
14015,Min,1/01/1976,,-0.19,Spring -0.55,-0.2,,,14103,14090,14609
14015,Max,2/02/1941,Move (n),-0.18,Win -0.47 spr -0.57,-0.2,Yes,,14902,14905,1005,,,,,,,,Some correlations in 0.5-0.6 range. 1938-40 used as reference
14015,Min,2/02/1941,Move (n),-0.93,,-1.1,Yes,,14902,14905,1005,,,,,,,,Some correlations in 0.5-0.6 range. 1938-40 used as reference
14015,Max,1/01/1937,Site env,-1.12,,-1.3,Yes,,1005,,,,,,,,,,1910-13 used as reference
14015,Max,1/01/1916,,0.37,,-0.9,Yes,,1005,,,,,,,,,,1910-13 used as reference
14825,Min,1/01/1997,,0.88,,0.9,,,14840,14829,14612,14903,14932,14626,1013,15131,2056,2032
14825,Min,1/01/1993,,-1.04,,-0.2,,,14840,14829,14612,14903,14932,14626,1013,15131,2056,2032
14825,Max,1/08/1987,Move,-0.33,,-0.4,,,14840,14850,15131,14626,2032,14612,14829,2014,2012,14903
14825,Min,1/08/1987,Move,0.31,,0.2,,,14840,14829,14612,14903,14626,1013,15131,2032,2014,14850
14825,Max,1/01/1976,,-0.64,,-1,,,14840,15089,14626,2032,2038,14612,14618,14829,14836,2014
15135,Min,25/07/1969,Merge,0.36,,0.4,,,15087
15135,Max,1/11/1963,Move,-0.66,,-0.6,,,15034,37043,15085,37010,29125,38003,2012,29009,14626,15590
15135,Max,1/05/1945,Move,-0.26,"Spr -0.36, sum -0.47",-0.9,,,37010,38003,2011,29009,14626,15540,15590,44021,36030,44022
15135,Min,1/05/1945,Move,1.05,"Spr -0.43, sum -0.34",1.4,,,37010,38003,29009,,,,,,,,Merged across 1942-45 period
15135,Min,1/01/1942,,-0.82,,0.7,Yes,Yes,37010,38003,29009,,,,,,,,Treated as 1942-45 spike
15135,Max,1/06/1935,Move,0.6,,-0.4,,,38003,2011,15540,36030,44022
15135,Min,1/06/1935,Move,0.12,"Spr 0.97, sum -0.67",1.5,Yes,,37010,38003,30045,,,,,,,,Some correlations in 0.5-0.6 range
15135,Min,1/01/1925,,-0.92,,0.7,Yes,,37010,38003,30045,,,,,,,,Some correlations in 0.5-0.6 range
15135,Min,1/01/1921,,-0.17,"Aut -0.97, spr 0.67",0.5,Yes,,37010,38003,30045,,,,,,,,Some correlations in 0.5-0.6 range
15590,Min,1/01/2005,,0.8,,0.8,,,15602,15594,15612,15643,15511,15528,15635,17043,15603,38026
15590,Min,1/01/2001,,-0.33,,0.5,,,15602,15643,15511,15528,15635,17043,15603,38002,16085,16097
15590,Min,1/01/1997,,-0.56,,0,,,15602,15643,15511,15528,15660,15635,15603,38002,16085,15135
15590,Min,1/01/1994,,-0.64,,-0.7,,,15602,15643,15511,15528,15660,15635,15603,38002,16085,17096
15590,Min,1/01/1989,,0.67,,-0.1,,,15602,15511,15528,15635,15603,38002,16085,17096,15135,17031
15590,Min,1/01/1979,,0.72,,0.8,,,15602,15527,15511,15528,17043,38002,17096,15135,15525,16013
15590,Min,1/07/1974,Move,-1.44,,-0.8,,,15546,15557,15526,15602,15527,15511,15528,17043,38002,15135
15590,Min,1/01/1955,,0.54,,-0.3,,,17043,15087,17031,38003,46037
15590,Min,1/01/1944,Move (n),-0.03,"Aut -0.33, sum 0.37",-0.3,,,17043,17031,38003,,,,,,,,Overlap with 15540 not used in merge
15590,Max,1/01/1932,Move,-0.57,,-0.6,,,38003,15087,46037,2011,48013,48030
15590,Min,1/01/1932,Move,-1.13,,-1.4,,,15087,38003,46037
15590,Min,1/01/1925,,1.68,,0.3,,,15087,38003,46037
15590,Min,1/01/1918,,-1.54,,-1.3,,,15087,38003,46037
15666,Min,1/01/2005,,-0.18,"Spr -0.46, sum -0.35",-0.2,,,14829,2012,2064,15528,14840,15643,15502,14825,2032,15612
15666,Max,15/11/1996,Merge,-0.31,,-0.3,,,15548
15666,Min,15/11/1996,Merge,0.21,Winter 0.59,0.2,,,15548
15666,Max,1/01/1987,,0.58,,0.3,,,2012,14829,15528,15135,2032,14840,15131,15085,15602,37010
15666,Min,1/01/1981,,-0.87,,-0.7,,,14829,2012,14840,15528,14836,2032,3006,14825,15525,15085
16001,Min,1/01/1964,Obs time,-0.14,,-0.1,,,19036,17005,47007,18103,21043,17031,21020,22008,47048,24016
16001,Max,1/01/1962,,0.44,,0.4,,,19062,17005,21020,21043,17031,21046,21014,23321,18044,22006
16001,Max,1/01/1954,,-0.49,,-0.1,,,17031,21046,18044,17043,23013,23015,76031,23000,78031,18012
16098,Max,1/10/1997,Merge,-0.37,,-0.4,,,16044
16098,Min,1/10/1997,Merge,-0.31,,-0.3,,,16044
16098,Min,1/01/1989,,-0.49,,-0.8,,,16001,16007,16032,16065,18040,18052,19066,18110,19017,16085
16098,Max,1/01/1983,,0.41,,0,,,16001,16032,16007,18040,18052,21043,16065,18044,19062,19066
16098,Min,1/01/1978,,0.64,,-0.2,,,16001,16007,16032,16065,18040,18052,19066,18110,19017,17005,1975-77 used as reference
16098,Min,1/01/1949,,0.52,,0.4,,,17043,18044,18012,23000,17031,18070,23013,11004,47007
16098,Min,1/01/1937,,0.44,,0.8,,,18044,23000,47007
16098,Min,1/01/1929,,0.48,,1.3,,,47007,23000,17024,18070
17031,Max,1/01/1993,,-0.22,"Aut -0.33, sum -0.49",-0.3,,,17110,16065,17099,19017,16001,47007,47048,17096,16085,19062
17031,Max,1/01/1973,,-0.65,,-0.9,,,17005,16065,17043,19017,19070,16001,16007,47007,47048,17096
17031,Min,1/01/1973,,0.65,,0.7,,,17005,16065,19017,17043,46037,16001,19070,46042,38002,16007
17031,Max,1/01/1968,,1.28,,0.4,,,17005,17043,19070,16001,16007,47007,47048,20026,16056,19062
17031,Max,1/04/1939,Move (n),1.35,,1.7,,,47007,16044,46037,47019,76077,21046,74128,15540,48030,23000
17031,Max,1/01/1928,,-0.32,,1.5,,,47007,46037,76077,16044,21046,74128,15540,48030,23000,72151
17031,Min,1/01/1913,,1.02,,1.7,,,46037,47007,47019,76077,48030,21046
17043,Max,1/08/1985,Move (n),0.66,,0,,,15603,16007,17031,16065,17110,15511,16001,17099,19017,15590,17114 merged to pre-1985 17043. Post-1994 treated as continuation
17043,Max,1/01/1955,,0.32,,0.4,,,17031,17005,16001,15590,46037,47007,47019,76031,21046,23013
18012,Max,1/01/1987,,-0.3,,-0.3,,,18079,18069,18052,18139,18044,18014,18110,18181,16044,18040
18012,Min,1/01/1968,,-0.81,,-0.8,,,18079,18044,18069,18052,21043,18014,19066,23013,16044,22008
18012,Min,1/01/1964,Obs time,0.63,,-0.2,,,18079,18044,21043,18014,23013,22008,22006,21046,23037,23020
18044,Max,1/01/1979,,-0.42,,-0.4,,,18052,18139,18040,16032,22006,22008,18079,21043,18014,18012
18044,Max,1/01/1944,,0.77,,-0.1,Yes,Yes,21046,16044,18079,21043,18014,21020,23031,23307,23733,23745,Spike for 1942-43 period
18044,Max,1/01/1942,,-0.56,,-1,Yes,,21046,16044,18079,21043,18014,21020,23031,23307,23733,23745
18192,Max,2/04/1992,Merge,-0.49,,-0.5,,,18070,,,,,,,,,,Only 1992-98 data used for merge
18192,Min,2/04/1992,Merge,-1.13,,-1.1,,,18070,,,,,,,,,,Only 1992-98 data used for merge
18192,Max,16/10/1986,Move,0.28,Summer 0.61,-0.2,,,18181,18115,22008,23747,23751,18014,18139,22801,22803,23083
18192,Min,16/10/1986,Move,0.41,,-0.8,,,22018,23090,18181,18014,22008,22807,18052,18040,18044,21043,1976-80 used as reference
18192,Min,1/07/1962,Move,-0.71,,-1.6,,,18014,22008,22807,18044,21043,23000,18079,19036,23013,23037
18192,Min,1/01/1956,,0.49,,-1,,,18044,23000,23015,16001,18012
18192,Max,1/01/1945,,0.28,"Aut 0.36, win 0.41",0.1,,,23013,23000,23015,18044,26021,21046,18012,26020,18011,26026
18192,Max,1/12/1941,Move,0.53,,0.6,Yes,,23000,18044,23747,23751,23733,23745,22807,23031,23020,23307
18192,Max,1/06/1929,Site env,-0.91,,-0.3,Yes,,23000,23747,23751,23733,23745,22807,23031,23020,23307,22801
18192,Max,1/10/1924,Move,-0.29,Summer -0.53,-0.6,Yes,,23000,23020,22807,23307,21046,23703,25509,26020,78034,90044
18192,Min,1/10/1924,Move,0.59,,-0.5,Yes,,23000,22807,23020,21020,23307,23703,21046
21133,Max,23/07/1998,Merge,-0.08,"Win -0.97, sum 0.88",-0.1,,,21046
21133,Min,23/07/1998,Merge,-1.14,,-1.1,,,21046
21133,Max,4/08/1993,Move,-0.23,Spring -0.54,-0.4,,,21043,22006,23321,23343,19066,22008,23020,23083,23090,18040
21133,Min,4/08/1993,Move,-0.35,,-1.4,,,22006,23343,23083,24511,23090,25050,21043,23321,23020,24016
21133,Min,1/01/1964,,0.59,,-0.9,,,22006,21043,23321,23020,24016,23037,19062,23034,25509,21020
21133,Min,1/01/1958,,-0.55,,-1.5,,,23034,23013,23015,23000,18044,76031,78031,16001,18012,74128,1952-56 used as reference
21133,Max,1/04/1948,Move,0.22,Autumn 0.58,-0.1,,,23000,23013,23015,18044,78031,26021,18012,18070,16044,26020
21133,Min,1/01/1934,,0.49,,-1,Yes,,21043,24002,23020,23307,19062,25509,21020,21014,23000,76026
21133,Min,1/01/1914,,-0.27,Summer -0.67,-1.3,Yes,,23020,23307,23000,78031,47053,47007,77042,76077,77004,49013
22823,Max,10/09/2002,Merge,0.26,"Spr 0.33, sum 0.32",0.3,,,22801
22823,Min,10/09/2002,Merge,-0.46,,-0.4,,,22801
23090,Max,1/01/2002,,0.33,,0.3,,,23013,23034,23083,22008,23122,23343,23373,23887,22006,23878
23090,Max,1/01/1991,,-0.38,,0,,,23013,23034,23083,22008,23057,23343,22006,23321,23020,23733
23090,Max,1/01/1983,,0.34,,0.3,,,23031,23037,23013,23034,23083,23097,22008,23015,23057,23343
23090,Max,1/02/1977,Merge,0.48,,0.5,,,23000
23090,Min,1/02/1977,Merge,-0.59,,-0.6,,,23000
23090,Min,1/01/1962,Move/obs time,0.1,,-0.6,,,22008,23020,23037,21043,22801,22006,23321,18014,21046,24016,1965-69 used as reference (obs time)
23090,Max,1/11/1951,Move,-0.27,"Aut -0.36, sum -0.43",0.2,,,23013,23015,21046,18044,26021,78031,18070,18012,26026,76031,1955-59 used as reference
23090,Min,1/11/1951,Move,0.4,,-0.2,,,23013,23015,21046,18044,18070,76031,78031,47007,18012,16044,1955-59 used as reference
23090,Min,1/01/1944,Move,-0.38,,-0.5,,,23013,23015,21046,18044,18070,76077,78031,47007,18012,16044
23373,Max,1/01/1964,,0.31,,0.3,,,23020,23037,21046,23000,23013,23015,23733,22008,25509,22006,No adjustment for 23321/373 merge for max or min. 23373 used from 28/8/1996.
26021,Max,1/04/1964,Move,0.24,Summer 0.66,0.3,,,26019,90135,90044,26005,78034,23747,26026,78031,23733,90014
26021,Min,1/04/1964,Move/obs time,0.14,,0.1,,,90135,26019,90044,26026,23747,89018,78031,90147,26005,23733
26021,Max,1/02/1942,Merge,0.2,"Sum 1.31, win -0.50",0.2,,,26020
26021,Min,1/02/1942,Merge,-0.73,,-0.8,,,26020
26026,Max,1/11/1968,Move,0.22,"Aut 0.30, win 0.43",0.2,,,26021,26019,90135,26023,26016,90092,22018,23034,23747,25507
26026,Max,1/01/1962,,0.51,,0.7,,,26021,26019,90135,23034,23747,22801,78034,90044,23000,23733
26026,Max,1/10/1943,Move,-0.34,,0.4,,,26020,23000,23013,78031,23015,21046,18070,90082,89002,18044
26026,Max,1/01/1930,,0.53,,0.8,Yes,,26020,23000,23747,22801,23745,78034,90044,23733,23031,22807
27045,Min,1/01/2006,,0.29,Spring 0.52,0.3,,,27073,28007,28004
27045,Min,1/01/1979,,-0.32,,-0.3,Yes,,27015,28004,31108,27006,,,,,,,"Some correlations in 0.5-0.6 range. No adjustments for 27042/45 merge, 27042 used from 6/11/1992"
27045,Max,1/01/1977,,0.33,,0.3,Yes,,27015,29038,27006,28008,,,,,,,Some correlations in 0.5-0.6 range. 
27045,Min,12/05/1972,Move,0.39,,0,Yes,,27015,28004,31108,27006,,,,,,,Some correlations in 0.5-0.6 range. 
27058,Min,1/01/2006,,0.35,,0.3,Yes,,27054,27045,28008,27073,,,,,,,Some correlations in 0.4-0.6 range. Seasonal criteria not used due to instability. No adjustment for 27022/27058 merge
27058,Max,1/01/1993,Move (n),0.88,,0.9,Yes,,28008,27006,,,,,,,,,Some correlations in 0.4-0.6 range. Seasonal criteria not used due to instability.
27058,Max,1/01/1958,,-0.94,,-0.1,Yes,,27005,,,,,,,,,,Some correlations in 0.4-0.6 range. Seasonal criteria not used due to instability.
27058,Min,1/01/1958,,-0.46,,-0.1,Yes,,27005,,,,,,,,,,Some correlations in 0.4-0.6 range. Seasonal criteria not used due to instability.
28004,Min,1/01/2004,,-0.67,,-0.7,,,28007,31210,31108,32025,32004,31011,31034,32037,32078,27045
28004,Max,1/07/2001,Move,-0.58,,-0.6,,,28007,29038,30018,31108
28004,Min,1/07/2001,Move,0.57,,-0.1,,,28007,31108,32025,32004,31011,31034,32037,32078,27045
28004,Min,1/01/1996,,-0.81,,-1,,,28007,31108,32025,32004,31190,31011,31034,32037,32078,27045
28004,Max,1/01/1981,,0.53,,-0.1,,,29038,30018,31108,27006,31066,31029,27005
28004,Min,1/01/1947,,1.1,,0,Yes,,30036,32025,32004,31011,32037,31052
28004,Max,1/01/1943,,-0.73,,-0.8,Yes,,30036,30018,31029,27005
28004,Min,1/01/1943,,-0.8,,-0.7,Yes,,30036,32025,32004,31010,31052
28004,Min,1/01/1921,,-0.62,,-1.2,Yes,,30036,32025,32004,31010,31052,,,,,,1914-17 used as reference
28004,Max,1/01/1916,,1.11,,0.3,Yes,,30036,30018,31029,27005
28004,Min,1/01/1913,,0.35,,-0.9,Yes,,32025,32004,31010,31052
29063,Min,1/05/2001,Move (n),-0.21,"Aut -0.35, sum -0.33",-0.2,,,29012,29004,14703,14707,14704,14723,30045,29090,14609,29039
29063,Min,1/01/1974,,0.55,,0.3,,,29012,29004,29025,14704,30024,30045,29090,14609,29038,15085
29063,Max,1/01/1969,,-0.53,,-0.6,,,29012,29004,29025,29009,29126,30024,29127,30018,29038,30045
29063,Max,1/10/1956,Move,0.28,Summer 0.66,-0.3,,,29004,29009,30018,30045,37010
29063,Min,1/10/1956,Move,-0.51,,-0.2,,,29004,29009,30045
29063,Max,1/11/1940,Screen,-0.14,"Spr -0.36, sum -0.37",-0.3,,,29004,30018,30045
29063,Min,1/11/1940,Screen,0.57,,0.4,Yes,,29012,29004,30024,30045
29063,Max,1/05/1917,Screen,-0.59,,-1,,,29004,30018,30045
29063,Min,1/05/1917,Screen,-0.3,,0.3,Yes,,29004,30045,30024,,,,,,,,1910-13 used as reference
29077,Max,1/01/2002,Move (n),0.62,,0.6,,,14707,14704,14723,29012,14703,29127,29039,15085,29141,14612,Overlap with 29004 not used in merge
29077,Max,1/08/1986,Move,-0.42,,0.2,,,14707,29041,14704,29012,14703,29127,29126,29025,29039,15085
29077,Max,1/05/1966,Screen,-0.17,"Sum -0.33, aut -0.42",0,,,29041,29012,14710,29009,15085,15089,29125,37010,14609,14903
30045,Max,1/01/2002,,-0.59,,-0.6,,,30161,29090,37051,29141,36007,36031,29127,29012,36026,37010
30045,Min,1/01/1993,,0.56,,0.6,,,30024,29025,37051,36031,36007,29141,29012,36143,36026,,1983-87 used as reference
30045,Max,1/01/1972,,0.79,,0.2,,,29025,30024,29090,29009,37051,29126,36007,36031,29127,29012
30045,Min,1/01/1972,,-0.3,,0.3,,,30024,29090,29025,37051,29009,36031,36007,29012,36143,36026
30045,Max,1/09/1965,Move,0.26,Summer 0.5,0.4,,,29009,37051,36030,29125,36007,29012,36143,36026,37010,15034
30045,Min,1/09/1965,Move,-0.39,,-0.1,,,37051,29009,36007,36030,36143,29125,36026,35069,29004,29012
30045,Max,1/01/1952,,-0.56,,-0.1,,,29009,36030,37010,35027,30018,34002,38003,44021,14626
30045,Min,1/01/1950,,-0.61,,-0.8,,,29009,36030,29004,37010,35027,29041,38003,44021
30045,Min,1/01/1932,,0.67,,-0.1,,,36030,29004,35027,29041,38003,44022
30045,Max,1/01/1925,,0.26,Autumn 0.77,0.2,,,36030,35027,29041,30018,34002,38003,44022
30045,Min,1/01/1923,,-0.52,,-0.7,,,36030,29004,35027,29041,38003,44022
30045,Max,1/01/1920,,-0.51,,-0.3,,,36030,35027,29041,30018,34002,38003,44022
30045,Min,1/01/1914,,0.79,,0.1,,,36030,29004,35027,29041,38003,44022
30124,Max,2/06/2004,Move (n),-0.58,,-0.6,,,29038,14707,33307,14707,14703,31108,,,,,Overlap with 30018 not used in merge. 1998-2001 used as reference
30124,Min,2/06/2004,Move (n),0.11,Spring 0.55,0.1,,,31108,32004,29038,32037,33247,32078,33257,34084,31034,,Overlap with 30018 not used in merge. 1998-2001 used as reference
30124,Max,1/01/1997,,-0.48,,-1,,,29012,30024,29038,29041,14707,30045,34038,14704,14703,31108
30124,Max,1/01/1991,,0.61,,-0.4,,,29012,30024,29038,29041,28004,14707,30045,34038,14704,14703
30124,Max,1/01/1984,,0.54,,0,,,29012,30024,34002,29041,28004,14707,30045,14704,14703,31108
30124,Max,1/11/1965,Screen,-0.42,,-0.4,,,29012,30036,34002,29041,28004,30045
30124,Min,1/11/1965,Screen,0.56,,0.6,Yes,,30036,31029,29041,32004,29012,30024,32037,33007,31034,,1951-55 used as reference
30124,Max,1/01/1962,,0.61,,0.2,,,30036,34002,29041,28004,30045
30124,Max,1/01/1959,,0.35,,0.5,,,34002,29041,28004,30045
30124,Max,1/01/1956,,-0.91,,-0.3,,,34002,29041,28004,30045
30124,Max,1/01/1950,,0.55,,0.3,,,34002,29041,28004
30124,Min,1/01/1928,,-0.84,,-0.2,Yes,,31029,29041,29012,30024,33007
31011,Min,1/12/1992,Move,-0.19,"Win -0.30, spr -0.35",-0.2,,,31108,32025,32037,31034,31083,32004,32078,31017,32040,31037
31011,Min,1/01/1969,,-0.69,,-0.9,,,32025,32037,31034,32061,31066,32004,31029,31076,31017,32040
31011,Min,1/01/1956,,0.33,,-0.6,,,32040,33002,28004
31011,Min,22/10/1942,Merge,-0.32,,-0.3,,,31010
31011,Max,1/01/1935,,-0.38,,-0.4,Yes,,32025,31016,32004,31029
31011,Max,1/12/1929,Move,-0.56,,-0.9,Yes,,32025,31016,32004,31029,,,,,,,No adjustment for 31011/010 merge. 31011 used from 22/10/1942.
31011,Min,1/12/1929,Move,0.17,"Spr 0.33, sum 0.40",-0.1,Yes,,32025,32004,31029,28004,30036
31011,Min,1/01/1918,,-0.89,,-1.1,Yes,,32025,32004,31029,28004,30036
32040,Max,9/12/1994,Merge,0.35,,0.4,,,32178
32040,Min,9/12/1994,Merge,-0.33,,-0.4,,,32178
32040,Min,1/01/1949,,-0.63,,-1,,,34002,33001,33047,31011,31010,39083,35027
33119,Max,1/01/1971,,-0.28,"Aut -0.41, win -0.49",-0.3,,,33047,33058,39023,33013,39083,32005,33077,32078,39122,32037
33119,Max,25/09/1959,Merge,-1.44,,-1.4,,,33047,,,,,,,,,,Only 1959-64 used in merge
33119,Min,25/09/1959,Merge,2.18,,2.2,,,33047,,,,,,,,,,Only 1959-64 used in merge
33119,Max,1/01/1948,Merge,-1.76,,-1.7,,,33046,33047,,,,,,,,,Merge between 33046 and 33047. Only 1948-50 used
33119,Min,1/01/1948,Merge,-0.36,,1.6,,,33046,33047,,,,,,,,,Merge between 33046 and 33047. Only 1948-50 used
33119,Max,1/01/1941,Move,-0.53,,-0.6,Yes,Yes,33047,34002,33001,32005,33007,39069,35019,39023,,,"Spike 1939-40 from moves 1939, 1941"
33119,Max,1/01/1941,Move,1.02,,-1.7,,,33047,34002,33001,,,,,,,,1934-38 used as reference
34084,Max,1/10/2000,Move,-0.12,"Win -0.44, sum 0.40",-0.1,,,33298,33013,34038,33002,33247,35019,32078,30018,33257,35290
34084,Max,1/01/1997,,-0.41,,-0.5,,,33013,34038,33002,33247,35019,30024,32078,30018,33257,29012
34084,Min,1/01/1997,,-0.58,,-0.5,,,33013,33002,32178,32040,34038,33257,33247,35019,32078,33065
34084,Max,1/01/1984,,0.37,,-0.2,,,33013,33090,35019,30024,32078,33002,32040,33061,39083,33007,No adjustment for 34002/34084 merge
34084,Min,1/01/1982,,0.44,,-0.1,,,32040,33002,33090,33013,33007,36047,33001,33061,33047,32004
34084,Min,1/01/1961,,0.37,,0.2,,,32040,33002,33013,33001,30036,33047,32004,33065,39083,32025
34084,Max,1/12/1953,Move,-0.27,"Aut -0.50, win -0.32",-0.2,,,32040,39083,30018,33001,35027,33047,33045,30045
34084,Min,1/12/1953,Move,-0.72,,-0.6,,,32040,33001,33047,39083,33045
34084,Max,1/06/1947,Move/screen,-0.46,,-0.6,,,32040,39083,30018,33001,35027,33047,30045
34084,Min,1/06/1947,Move/screen,0.87,,0.2,,,32040,33001,33047,39083,29028
34084,Min,1/04/1939,Screen,-0.34,,-0.2,,,33001,33047,33046
34084,Max,1/01/1924,,-0.35,,-1,,,30018,33001,35027,33047,30045
34084,Min,1/01/1924,,0.42,,0.2,,,33001,33047,33046
36031,Min,1/01/2002,,0.4,,0.4,,,36007,37051,36026,35069,30161,30045,29090,44021,38003,38024
36031,Max,1/06/1996,Merge,0.57,,0.6,,,36167
36031,Min,1/06/1996,Merge,-0.33,,0,,,36167
36031,Min,1/01/1981,,0.53,,0.6,,,36007,36143,37051,36026,35069,30024,30045,29025,29090,44021
36031,Max,1/03/1966,Merge,0.4,,0.4,,,36030,,,,,,,,,,Only 1966-69 used in merge
36031,Min,1/03/1966,Merge,-0.24,Spring -0.54,-0.2,,,36030,,,,,,,,,,Only 1966-69 used in merge
36031,Max,1/01/1960,,-0.29,"Spr -0.47, sum -0.38",0.1,,,36143,37051,36026,35069,29009,29125,30045,44021,43030,37010
36031,Max,1/01/1949,,-0.39,,-0.3,,,29009,30045,37010,38003,35027,15087,41023,41038
36031,Min,1/01/1949,,-0.94,,-1.2,,,29009,38003,37010,35027,41038
36031,Min,1/01/1943,,1.02,,-0.2,,,30045,44022,29009,38003,37010,35027,41038
36031,Max,1/01/1942,,0.47,,0.1,,,29009,30045,44022,37010,38003,35027,15087,41023,41038,39039
37010,Max,1/04/1998,Move,0.37,,0.3,,,29127,15085,29141,37043,15135,38003,29090,15131,29025,37051
37010,Min,1/04/1998,Move,-0.33,,-0.3,,,15085,37043,29141,38003,15135,15502,15131,29025,15602,14840
37010,Min,1/01/1991,,-0.49,,-0.8,,,15085,37043,29141,38003,15135,15502,15131,29025,15602,14840
37010,Min,1/01/1979,,0.54,,-0.4,,,15085,37043,29126,38003,15135,29025,15602,14840,29127,29090
37010,Min,1/01/1942,,0.13,Summer 0.50,-0.3,,,15087,38003,29009,30045,36030,44022,29004
38003,Max,26/07/1999,Move,0.6,,0.6,,,37043,38024,29127,15502,37010,45015,15602,15135,29141,38002
38003,Min,1/01/1980,,0.38,,0.4,,,37043,38024,29126,15602,45015,15135,38002,15085
38003,Max,1/01/1978,,-0.55,,0.1,,,37043,38024,29127,29126,37010,45015,15602,15135,38002,36031
38003,Max,1/06/1970,Move,-0.28,"Spr -0.55, sum -0.56",-0.3,,,37043,38024,29127,15034,29126,37010,45015,15602,29009,38002
38003,Min,1/06/1970,Move,-0.53,,-0.2,,,37043,38024,29126,15602,37010,45015,38002,15085,29009,36031
38003,Max,1/09/1965,Move/screen,0.34,,0.1,,,37043,29125,15034,37010,45015,29009,38002,15087,37051,44021
38003,Max,1/03/1917,Screen,-0.39,,-0.3,,,15087,36030,44022,15540,48013,46037,52026,30045,41038,48030,1910-12 used in first stage of overlap
38003,Min,1/03/1917,Screen,0.29,"Aut 0.54, sum 0.33",0.1,,,15087,36030,44022,30045,46037
38026,Min,1/01/1973,,0.94,,0.9,,,38024,15602,46037,45017,38003,15546,15526,45015,17031,44026,Suspected obs time change. No adjustment for 38002/38026 merge
38026,Min,1/01/1965,,-0.57,,0.4,,,46037,45017,38003,15526,45015,17031,44026,15590,17043,46042
39066,Min,28/01/2003,Merge,-0.24,Autumn -0.62,-0.2,,,39039
39066,Max,1/01/1979,,-0.41,,-0.4,,,40428,39171,39104,40112,35070,39006,39004,39057,35149,40093
39066,Max,1/01/1960,,0.36,,-0.1,,,40112,35070,40126,40189,40004,41023,41103,42023,40211,39015
39066,Max,1/10/1945,Screen,-0.37,,-0.5,,,40004,41023,42023,40211,39015,39083,35027,40214,41038,36030
39066,Min,1/01/1932,,0.78,,0.5,,,39015,40214,41023,42023,35027,58012
39083,Min,1/04/1993,Move,-0.36,,-0.3,,,33065,39006,39004,39104,39128,34038,35019,40765,39123,35149
39128,Max,1/07/1990,Move (n),-0.66,,-0.6,,,40126,39039,39104,39123,39314,39083,40428,39085,40451,40093
39128,Min,1/07/1990,Move (n),-0.44,,-0.4,,,40126,39104,39039,40428,40451,40093,40264,39004,35149,39123
39128,Max,1/04/1984,Site env,0.23,"Win 0.39, spr 0.51",-0.4,,,40126,39123,39085,39104,40428,39039,39057,39083,40451,39171
39128,Max,1/01/1980,,0.38,,-0.1,,,40126,39123,39085,39104,40428,39039,39057,39083,40451,39018
39128,Min,1/01/1929,,-0.57,,-0.6,Yes,Yes,39039,39025,40126,39018,40093,39085,39069,40214,40062,40158,Spike for 1927-28 period
39128,Min,1/01/1929,,0.47,,0,Yes,,39039,39025,40126,39018,40093,39085,39069,40214,40062,40158
40004,Min,8/07/1997,Merge,-0.44,,-0.4,,,40910
40004,Min,1/01/1980,,-1.29,,-1.7,,,40454,40211,40101,40223,40436,40082,40214,41176,40241,58037
40004,Min,1/01/1964,Obs time,-0.05,,-1.9,,,40211,40189,58037,40112,40190,57021,41023,39039,41095,40197
40043,Max,1/01/2004,,0.34,,0.3,,,40068,40209,40284,40842,40651,40717,40126,40265,40555,40850
40043,Max,3/08/1995,Move,0.37,,0.7,,,40068,40697,40223,40717,40126,40265,40856,40211,40854,40764
40043,Min,1/01/1947,,-0.37,,-0.4,,,58012,40214,41023,41038
40043,Max,1/01/1916,,-1.39,,-0.6,,,39015,40264,39039,58012,,,,,,,1910-12 used as reference
40842,Min,1/04/1994,Merge,0.25,Spr 0.54 sum 0.37,0.3,,,40223
40842,Max,30/11/1987,Move,-0.35,,-0.3,,,40211,40697,40241,40004,40190,40265,40308,40101,58158,40082
40842,Min,30/11/1987,Move,-0.61,,-0.3,,,40211,40004,40190,40101,40241,58158,40265,40318,40112,40436
40842,Min,1/01/1969,,-0.69,,-1.1,,,40214,40211,40004,40190,40101,40265,40112,58065,40082,40093,1965-68 used as reference
40842,Min,1/01/1964,Obs time,0.47,,-0.7,,,40211,40189,58037,40112,39039,40190,40197,40264,41103,41023
42112,Max,10/07/1997,Merge,-0.33,,-0.3,,,42023
42112,Min,1/01/1972,,0.42,,0.5,,,35070,43030,43015,43035,41023,43020,41011,41038,41082,40112
42112,Min,1/01/1924,,-0.45,,0,,,41023,41038,43034,53027,44022,56017,58012,39039,40214,52026
42112,Max,1/01/1918,,0.44,,0.1,,,41023,41038,43034,39039,44022,56017,53027,35027,36030,52026
43034,Max,10/05/1997,Move (n),-0.61,,-0.6,,,44010,41521,43035,43020,44021,48031,43091,44026,52020,45015
43034,Min,10/05/1997,Move (n),-1.05,,-1,,,44010,43035,43091,41521,48031,52020,53030,44021,44026,43020
43034,Max,1/01/1991,,0.34,,-0.2,,,44010,43035,53048,43020,44021,48031,44026,52020,45015,53030
43034,Min,1/01/1938,,0.72,,-0.3,,,53027,41038,52026,42023,44022,48013,56017,55023,65012,58012
43034,Max,1/01/1924,,0.35,,0.2,,,53027,41038,44022,52026,42023,56017,41023,48013,55023,36030
44021,Max,1/10/2003,Merge,0.25,Autumn 0.54,0.2,,,44221
44021,Min,1/10/2003,Merge,-0.21,"Aut -0.35, sum -0.49",-0.2,,,44221
44021,Min,1/01/1997,,-0.61,,-0.8,,,43020,44010,35069,45015,43091,44026,36143,43035,38024,36007
44021,Min,12/09/1990,Move,0.59,,-0.2,,,43020,44010,35069,45015,43034,44026,36143,43035,38024,36007
44021,Min,1/01/1970,,0.41,,0.1,,,44010,35069,45015,43034,43030,44026,36143,43035,45000,38024
44021,Min,1/01/1964,Obs time,0.01,,0.1,,,44010,35069,45015,43034,43030,44026,36143,41038,36026,45017,1956-60 used as reference
44021,Max,1/01/1949,Move (n),-1.8,,-1.5,,,36030,41038,42023,43034,38003,52026,53027,56017,48013,29009,Switch 44022 to 44021 on 1/1/1949. Overlap data not used due to large inhomos at both sites
44021,Min,1/01/1949,Move (n),-0.94,,-0.8,,,43034,41038,53027,42023,36030,52026,48013,38003,41023,55023,Switch 44022 to 44021 on 1/1/1949. Overlap data not used due to large inhomos at both sites
44021,Max,1/09/1914,Move,1.7,,0.2,,,36030,41038,42023,15087,38003,52026,53027,56017,48013,41023
44021,Min,1/09/1914,Move,0.31,,-0.4,,,41038,53027,42023,36030,52026,48013,38003,41023,55023,56017
45025,Min,1/08/1999,Move (n),0.59,,0.6,,,44026,45015,38024,48079,48015,17123,46037,38002,44021,44010,Overlap with 45017 not used in merge
46037,Max,2/08/1980,Move,-0.29,Spring -0.54,-0.3,,,17096,46042,46043,48027,17099,38002,45017,47007,49019,48013
46037,Min,2/08/1980,Move,0.32,,0.3,,,46042,17096,46043,48027,38002,45017,48079,17031,17099,44026
46037,Max,1/01/1960,Move,-0.34,,-0.7,,,46043,38002,45017,47007,47048,48013,75032,48030,17005,17031
46037,Min,1/01/1960,Move,0.27,"Win 0.35, spr 0.37",0.5,,,46043,38002,45017,17031,44026,47048,47007,17005,48013,75032
46037,Max,1/01/1952,,-0.02,"Win -0.38, sum 0.44",-0.8,,,47007,48013,47019,48030,17031,17043,65016,65012,52026,,1936-40 used as reference period
46037,Min,1/11/1944,Move,0.27,Winter 0.77,0.9,Yes,,46043,44026,48013,50014,75039,51039,,,,,"1936-40, 1951-55 used as reference periods"
46043,Max,1/12/1993,Move,-0.32,,-0.4,,,46042,49019,47007,46037,75032,47019,48027,75039,75041,17099
46043,Min,1/12/1993,Move,-0.86,,-0.8,,,46042,49019,75032,48027,46037,47019,75039,75041,74221,75031
46043,Max,1/01/1973,,-0.55,,-0.9,,,46042,49019,47007,46037,75032,47019,48027,75039,75028,75041
46043,Min,1/01/1972,,0.6,,-0.4,,,46042,49019,75032,48027,46037,47019,50014,75039,75028,75041
46043,Max,1/01/1967,,0.8,,-0.1,,,46042,49019,47007,46037,75032,47019,48027,75028,75031,74062
46043,Min,1/01/1966,,-0.5,,-0.9,,,46042,49019,75032,48027,46037,47019,75028,75031,74062,65026
48027,Max,1/01/1995,,0.41,,0.4,,,51039,48079,50052,50031,51049,65026,46042,75039,65012,65016
48027,Max,1/01/1978,,-0.72,,-0.3,,,48013,51039,50014,50102,50052,50031,51049,65026,46042,50037
48027,Max,1/01/1974,,0.71,,0.4,,,48013,51039,50014,50102,50052,50031,51049,65026,46042,50037
48027,Min,1/01/1972,,-0.49,,-0.5,,,65026,48013,51039,50014,50102,50031,46042,75032,46043,51049
48027,Max,21/05/1962,Merge,-1.18,,-1.1,,,48030
48027,Min,21/05/1962,Merge,0.09,"Aut 0.44, win 0.33",0.1,,,48030
48027,Min,1/01/1938,,1.22,,1.3,,,48013,47019,65016,52026,73127,65012,74128,47007,81003,,1929-33 used as reference
48027,Min,1/01/1923,,-1.26,,0,,,48013,46037,47019,65016,52026,73127,74128,47007,81003,66062
48245,Min,1/01/1999,Move (n),0.64,,0.6,,,48015,51039,52088,44026,51010,48079,48237,51049,48031,48027
48245,Max,11/11/1994,Merge,0.3,,0.3,,,48013,48239,,,,,,,,,Merge between 48013 and 48239
48245,Min,11/11/1994,Merge,-1,,-0.3,,,48013,48239,,,,,,,,,Merge between 48013 and 48239
48245,Min,1/01/1958,,-0.43,,-0.9,,,52026,48030,43034,65012,65016,55024,46037,44021,41038,72150
48245,Max,1/01/1953,,-0.35,,-0.1,,,46037,65016,63004,43034,55024,44021,47007
48245,Max,1/05/1937,Move,0.02,"Aut 0.48, sum -0.35",-0.1,,,48030,52026,65012,46037,65016,63004,43034,47007,44022,41038
48245,Max,1/01/1914,,0.42,,0.4,,,48030,52026,46037,65016,63004,47007,44022,41038,47019,56017
52088,Max,21/05/1997,Move,0.4,,0.4,,,48015,48031,51010,52020,53030,64008,44010,44026,55023,55024
52088,Min,21/05/1997,Move,-0.69,,-0.8,,,48015,48031,51010,52020,51039,65070,53030,55024,51049,53002
52088,Max,2/06/1993,Move (n),-0.68,,-0.2,,,48031,48015,51010,53030,44010,64008,44026,48013,53048,55024
52088,Min,2/06/1993,Move (n),-0.6,,-1.3,,,48031,51010,48015,53048,43034,48013,51039,53030,44010,55024
52088,Min,1/11/1962,Move,0.42,,-1,,,43034,55024,65012,55023,44021,65016,66037,66062,63005,63004,"1954-57, 1964-68 used as reference "
52088,Max,1/01/1951,,0.83,,0.5,Yes,,48031,48015,51010,44010,64008,44026,51018,51042,55054,43034
52088,Max,1/01/1914,,-0.32,,0.2,Yes,,48031,48015,51010,44010,64008,44026,51042,55054,62009,65012
53115,Min,17/05/1995,Merge,-0.82,,-0.8,,,53048
53115,Min,1/01/1976,,0.4,,-0.5,,,41038,43034,53030,48031,55024,55054,55023,52020,52026,44010
53115,Max,1/01/1965,Move (n),-0.46,,-0.5,,,41038,53030,56017,43034,55024,55054,55023,44010,52026,64008,Overlap between 53027 and 53048 not used
55024,Min,1/01/1959,,0.44,,0.4,,,55023,53027,41038,65012,66062,66037,67033,58012
55024,Min,1/01/1955,,-0.44,,0,,,55023,53027,52026,41038,65012,66062,56017,58012,66037,67033
56242,Max,1/03/1995,Merge,-0.16,"Spr -0.32, sum -0.44",-0.1,,,56017
56242,Min,1/03/1995,Merge,-0.81,,-0.8,,,56017
56242,Min,1/01/1993,,-0.39,,-1.1,,,54104,54003,56018,56013,56011,56002,41100,55136,53030,55049
56242,Max,20/09/1967,Move,-1.04,,-1.2,,,53048,55054,56011,53030,41038,55024,56002,64008,41095,43034
56242,Min,20/09/1967,Move,-1.16,,-2.4,,,56011,55054,56002,53030,41038,41095,53048,42023,59001,64008
56242,Max,7/07/1961,Move,0.43,,-0.8,,,53027,55054,41038,55024,56002,64008,41095,43034,52026,44010
56242,Min,7/07/1961,Move,0.35,,-2,,,53027,55054,56002,41038,41095,42023,59001,64008,57021,41023
56242,Max,1/01/1949,Site env,0.59,,-0.2,,,53027,41038,43034,52026,55023,44021,42023,41023,65012,44022
56242,Min,1/01/1949,Site env,0.95,,-1.1,,,53027,41038,42023,41023,58012,40004,55023,65012,52026,43034
56242,Max,1/01/1941,Screen,-0.49,,-0.7,,,41038,43034,52026,55023,42023,41023,63005,65012,44022,48013
56242,Min,1/01/1929,,-0.2,Summer -0.64,-1.2,,,53027,41038,42023,41023,58012,55023,65012,52026,44022,43034
56242,Min,1/01/1920,,-0.83,,-2.2,Yes,Yes,53027,41038,56006,54004,54029,56011,55054,56002,55049,56032,Adjustment for 1917-20 spike
58012,Max,16/10/2007,Move,0.47,,0.5,,,58198,58212,58208,58214,58221,58131,59040,58130,58077,58158
58012,Min,16/10/2007,Move,0.36,,0.4,,,58131,58212,58221,58077,57095,58130,58216,59140,40958,41529
58012,Max,1/01/1987,,0.43,,0.8,,,58131,59040,58037,58130,58158,40717,58057,40190,58063,60026
58012,Min,1/01/1939,,-0.86,,-0.5,Yes,,58037,58063,56011,56016,58065,41103,41082,40101,60026,40214
58012,Min,1/01/1935,,0.83,,0.3,Yes,,58037,58063,56011,56016,58065,41103,41082,40101,60026,40214
58012,Min,1/01/1930,,-0.98,,-0.7,Yes,,58037,58063,56011,56016,58065,41103,41082,40101,60026,40214
59040,Min,1/01/1964,Obs time,0.43,,0.4,,,59001,60026,58012,56002,58037,41038,41095,55054,55023,57021,1956-60 used as reference
59040,Max,1/01/1961,,-0.28,"Aut -0.45, win -0.33",-0.3,,,59001,58012,60026,58037,59030,57021,40190,61078,61055,40004
60139,Max,1/01/2000,Merge,0.75,,0.8,,,60026,,,,,,,,,,Only 2000-03 used in merge
60139,Min,1/01/2000,Merge,-1.79,,-1.8,,,60026,,,,,,,,,,Only 2000-03 used in merge
60139,Min,1/01/1996,,0.47,,-1.4,,,59017,60030,59040,56229,60085,58130,56011,61087,55325,56018
60139,Max,6/10/1983,Move,0.33,,1.1,,,59017,59030,60030,59040,59001,60085,58012,58130,61054,61223
60139,Min,6/10/1983,Move,-0.82,,-2.2,,,59017,60030,59040,59001,60085,58130,56011,61087,56002,56018
60139,Min,1/01/1977,,0.57,,-1.6,,,59017,60030,59040,59001,58130,56011,61087,56002,56018,58012,1966-70 used as reference
60139,Max,1/01/1972,,0.41,,1.5,,,59017,60023,59074,59030,60030,59040,59001,60085,58012,58130
60139,Max,1/01/1958,,0.3,,1.8,,,59040,58012,61078,66062
60139,Max,1/01/1951,,-0.35,,1.3,Yes,,59017,60023,59030,60030,59001,58012,60009,58052,58065,61055
60139,Min,1/01/1946,,0.83,,-1.1,Yes,,60023,59017,60030,56016,60009,56011,56006,56034,58012,55049
60139,Max,1/01/1939,Move,-0.47,,0.9,Yes,,59017,60023,60030,58012,58065,61055,58037,61086,58063,62009
60139,Min,1/01/1939,Move,-0.53,,-1.7,Yes,,60023,59017,60030,56016,56011,56006,58012,55049,54004,61055
60139,Min,1/01/1933,,0.55,,-1.5,Yes,Yes,60023,59017,60030,56016,56011,56002,56006,58012,55049,54004,Spike 1931-32
60139,Min,1/01/1933,,-0.3,,-2,Yes,,60023,59017,60030,56016,56011,56002,56006,58012,55049,54004
60139,Max,1/01/1924,,0.52,,1.8,Yes,,60023,60030,58012,58065,61055,58037,61086,58063,62009
61078,Max,1/01/1969,,0.5,,0.5,,,61055,61087,66037,66131,61017,66078,67035,66062,67033,60030,No adjustment required for move 15/2/2005
61078,Min,1/01/1969,,-0.78,,-0.8,,,61087,61017,61086,67033,61089,61051,60030,61055,66131,67035
61078,Min,1/01/1964,Obs time,0.21,,-0.6,,,61086,61055,60026,63065,56002,55054,64008,55024,63004,55023
61363,Max,9/12/2004,Move,0.25,"Aut 0.45, spr 0.32",0.2,,,61086,61089,61051,61288,61260,61242,61250,62100,61388,55049
61363,Min,9/12/2004,Move,-0.36,,-0.3,,,61051,61089,61086,61260,61242,61250,61288,55049,62101,61390
61363,Min,1/01/2001,,0.67,,0.3,,,61051,61089,61086,61260,61242,61250,61288,55049,62101,61390
61363,Min,1/01/1998,,-0.3,,-0.1,,,61363,61051,61288,61086,61242,61371,61250,55049,61375,61078,Adjustment applied prior to data use in overlap
61363,Min,1/01/1997,Merge,-0.84,,-1.1,,,61089,,,,,,,,,,Only 1997-2000 used in overlap
63005,Max,1/12/1971,Screen,0.6,,0.6,,,63231,65034,65035,62021,63010,63004,63023,63033,63063,65023,No adjustment required for move 16/4/1996
63005,Min,1/12/1971,Screen,-0.3,,-0.2,,,63010,65023,63231,65091,62021,63004,63033,65034,63224,63063
63005,Min,1/01/1956,,-0.6,,-0.8,,,63004,65012,70014,65016,67033,55024,61078,66037,66062,72150
63005,Max,10/07/1950,Move,-0.33,,0.3,Yes,,65034,62021,63004,63023,63033,65023,63224,65026,63058,,1941-45 used as reference
63005,Min,10/07/1950,Move,0.24,"Sum, aut 0.50",-0.7,Yes,,63065,65023,62021,63004,65034,63019,63224,63063,63021,65035,1941-45 used as reference
63005,Min,1/01/1926,,-1.2,,-1.8,Yes,,63065,65023,62021,63004,65034,63019,63224,63021,70037,63036
63005,Max,1/01/1918,,1.05,,1.3,Yes,,65034,62021,63004,65023,63053,63224,65026,63065,51018,62009
63005,Min,1/01/1918,,0.86,,-0.9,Yes,,63065,65023,62021,63004,65034,63019,63224,63021,70037,63036
63005,Min,1/01/1914,,0.52,,-0.5,Yes,,63065,65023,62021,63004,65034,63019,63021,70037,63036,62009
65070,Max,1/01/2001,,0.35,,0.3,,,51049,65035,65034,50031,51039,62013,64009,51010,51161,62101
65070,Min,16/01/1993,Merge,-0.17,"Aut -0.44, sum -0.37",-0.2,,,65012
65070,Max,22/10/1986,Move,-0.64,,-0.6,,,65035,65034,51049,50031,62013,62021,63231,65026,51039,63254
65070,Min,22/10/1986,Move,-0.71,,-0.9,,,65035,65034,51049,62013,64009,51039,51010,63023,62021,65026
65070,Max,1/02/1982,Move,0.82,,0.2,,,65035,65034,51049,50031,62013,62021,63231,65026,51039,63254
65070,Min,1/02/1982,Move,-0.33,,-1.2,,,65035,65034,51049,62013,64009,51039,51010,63023,62021,65026
65070,Max,1/01/1978,Move,-0.54,,-0.3,,,65035,65034,51049,50031,62013,62021,63231,65026,51039,64009
65070,Min,1/01/1978,Move,0.3,,-1,,,65035,65034,51049,62013,64009,51039,51010,51124,63023,62021
65070,Max,1/11/1969,Move,0.33,,0,,,65035,51115,65034,51018,51048,65023,50031,62021,65026,51039
65070,Max,1/01/1958,,0.32,,0.3,,,63004,65016,48013,52026,48030,55024,70014,74114,72150,55023
65070,Max,1/07/1953,Move,-0.7,,-0.4,Yes,,65034,51018,51048,51049,65023,62021,65026,51039,64009,62009
65070,Min,1/07/1953,Move,0.75,,-1.2,Yes,Yes,65035,51018,65034,51048,51039,64009,63065,51010,63023,63058,Spike 1950-53
65070,Min,1/07/1953,Move,-1.05,,-2,Yes,,65035,51018,65034,51048,51039,64009,63065,51010,63023,63058
65070,Max,1/01/1945,,0.35,,0,Yes,,65034,51018,51048,65023,62021,65026,51039,62009,64008,51010
65070,Min,1/04/1938,Screen,-0.13,Summer -0.53,-2.2,Yes,,51018,65034,51048,51049,51039,63065,51010,51042,62021,65023
65070,Max,1/04/1929,Move,-0.49,,-0.5,Yes,,65034,51018,51048,51049,65023,62021,65026,51039,62009,64008
65070,Min,1/04/1929,Move,0.99,,-1.2,Yes,,51018,65034,51048,51049,51039,63065,51010,51042,62021,65023
66062,Max,1/01/1983,,0.36,,0.4,,,66037,66131,66124,66137,61087,67035,61223,66156,68188,61078
66062,Max,1/01/1978,,-0.32,,0,,,66037,66131,66078,66124,66137,61087,67035,61029,61223,66156
66062,Min,1/01/1964,Obs time,0.19,,0.2,,,68053,68034,69018,63039,70015,70080,55024,63065,61086,55054
66062,Max,1/01/1946,,0.53,,0.5,,,66037,61063,61078,55024
66062,Max,1/01/1938,,-0.53,,0.1,Yes,,66131,67033,61055,67021,68052,68034,60030,61034,61086,68045
66062,Max,1/01/1917,Move,0.89,,0.9,Yes,,66131,61055,67021,68052,68034,60030,61034,61086,68045,60023
67105,Max,1/01/2006,,-0.38,,-0.4,,,67113,67108,67119,68192,66124,67019,67020,67117,61351,61375
67105,Min,1/11/1994,Move (n),-0.41,,-0.4,,,66137,67035,68192,66131,66124,67019,61087,66037,61242,66062
67105,Min,1/05/1969,Move,-0.77,,-1.2,,,67021,66137,67035,66131,67026,67010,67019,68081,61087,66037
67105,Min,1/01/1964,Obs time,0,,-1.2,,,61086,61055,63065,70080,63004,55024,55054,70015,69018,65012
68072,Max,1/01/1966,,0.32,,0.3,,,68034,66078,67035,68081,66037,66131,67033,68045,66062,68053,No adjustments required for merges 68076/72 (28/11/2000) or 68151/034 (21/5/2001)
68072,Min,1/01/1964,Obs time,0.2,,0.2,,,69018,70080,70015,68034,68053,70094,63039,63004,63065,61086
68072,Min,1/01/1958,,-0.48,,-0.3,,,69018,66062,66037,67033,68034,70014,63004,65012,65016
69018,Max,1/10/1966,Move,0.5,,0.5,,,68034,68076,66037,68053,66078,66131,66062,67035,67033,68081
69018,Max,1/01/1956,,-0.5,,0,,,68034,66037,66062,67033,61078
69018,Min,1/01/1946,,-0.27,"Aut -0.38, spr -0.47",-0.2,,,66037,66062,70014
70014,Min,1/05/2006,Site env,0.47,,0.5,,,70339,70091,70263,70310,70330,73007,69049,70080,69132,73141
70014,Min,13/12/1995,Merge,-0.21,"Aut -0.36, spr -0.32",0.3,,,70338
70014,Min,1/01/1963,,0.44,,0.7,,,70015,70080,70258,73009,63021,69018,63065,68076,65023,65016,Possibly associated with filling of Lake Burley Griffin
70014,Min,1/01/1946,,-1.43,,-0.7,Yes,,70015,70037,73007,69010,70025,73009,63005,63033,63023,72000
70014,Min,1/01/1942,,0.93,,0.2,Yes,,70015,70037,73007,69010,70025,73009,63005,63033,72000,63224
72150,Min,1/01/1968,Site env,-0.46,,-0.5,,,74114,73038,73127,73019,72023,72000,73009,75028,73032,73054
72150,Max,1/01/1965,,0.28,"Spr 0.32, sum 0.44",0.3,,,74114,73127,73009,74082,75028,74062,72059,82056,72060,75032
72150,Min,1/01/1964,Obs time,-0.09,,-0.5,,,74114,73127,73009,82056,74062,82001,82039,82053,75032,65026
72150,Max,1/01/1948,Merge,-0.7,,-0.7,,,72151,,,,,,,,,,Only 1948-50 used in overlap
72150,Min,1/01/1948,Merge,-1.62,,-1.6,,,72151,,,,,,,,,,Only 1948-50 used in overlap
72150,Min,1/04/1928,Move,0.43,,-1.1,Yes,,73127,73019,72023,72000,73009,75028,74062,74034,82001,50014,"Merged across moves 1/7/1925 and 1/4/1928, no sig spike"
72161,Max,20/12/1996,Merge,-0.5,,-0.5,,,72091
72161,Min,20/12/1996,Merge,0.25,Aut 0.46 sum 0.4,0.2,,,72091
72161,Max,1/01/1974,,-0.3,,-0.8,,,71041,72060,72000,72043,83073,71032,72150,73009,74114,82001
73054,Max,1/01/2004,,0.39,,0.4,,,50017,73032,73142,65103,73138,50137,74037,50052,73141,74221
73054,Max,13/04/1988,Move/screen,-0.33,,0,,,73032,73038,75050,50014,50052,73009,74221,65026,65091,72150,Merged across moves 26/2/1986 and 13/4/1988
73054,Min,13/04/1988,Move/screen,0.42,,0.4,,,50014,73032,73038,50052,65016,73014,75039,63023,73009,72150,Merged across moves 26/2/1986 and 13/4/1988
74258,Min,3/06/1997,Merge,-0.51,,-0.5,,,74128
74258,Max,27/09/1984,Move,0.04,"Win -0.38, sum 0.37",0,,,74106,80015,80023,80091,81084,75031,77042,81049,74034,81003
74258,Max,13/08/1971,Move,-0.16,"Spr -0.3, sum -0.37",-0.1,,,74039,80015,80043,80023,80091,81084,74009,75031,77042,80049
74258,Min,13/08/1971,Move,-0.99,,-1.5,,,80015,80023,74039,80043,80049,75031,77042,74009,80091,81084
74258,Max,1/01/1960,,-0.54,,-0.7,,,74069,74039,80015,80023,75031,77042,81003,82002,76031,82053
74258,Max,1/01/1950,Site env,0.56,,0,,,80023,77042,81003,76031,72150,47007,89002,78031,82039,47019
74258,Max,1/01/1943,,-0.38,,-0.4,,,80023,77042,81003,76077,72151,47007,89002,78031,82039,47019
76031,Min,1/08/1992,Move,0.26,Spring 0.55,0.2,,,76047,24016,76064,47016,77042,80023,24024,25050,49002,75031
76031,Min,1/07/1989,Move,-0.39,,-0.1,,,76047,24016,76064,47016,77042,80023,24024,25050,49002,75031
76031,Max,1/01/1978,,0.11,"Sum 0.67, win -0.41",0.1,,,76047,76064,24016,47016,77042,24023,80023,78077,78072,47007,1968-72 used as reference
76031,Min,1/01/1964,Obs time,0.33,,0.2,,,76047,24016,77042,77004,75031,25509,74128,80023,47007,47048
76031,Max,26/08/1946,Merge,-0.55,,-0.5,,,76077
76031,Min,26/08/1946,Merge,-0.59,,-0.6,,,76077
76031,Min,1/01/1942,,-0.65,,-1.3,Yes,,76026,76047,47053,49013,76064,47016,77042,24002,80023,80006
76031,Max,1/07/1933,Screen,0.76,,0.2,Yes,,47053,49013,47016,77042,24002,80023,80006,77004,47007,49002
76031,Min,1/08/1927,Move,0.43,,-0.8,Yes,,76026,47053,49013,47016,77042,24002,80023,80006,49002,77004
78015,Max,11/06/2003,Merge,0.35,,0.4,,,78031
78015,Min,11/06/2003,Merge,0.91,,1,,,78031
78015,Max,1/01/1995,Move,0.36,,0.7,,,78077,79023,25509,78072,79028,24024,25050,25507,76064,79080,Merged across moves 1/8/1992 and 1/1/1995
78015,Min,1/01/1995,Move,-0.54,,0.4,,,78077,79023,78072,79028,25507,25509,26089,76047,25050,76064,Merged across moves 1/8/1992 and 1/1/1995
78015,Max,1/01/1981,,-0.31,,0.4,,,78077,79023,25509,78072,79028,25050,25507,76064,79080,89085
78015,Max,1/03/1966,Move,-0.17,Summer -0.54,0.1,,,79023,78034,25509,77004,25507,89000,24016,24025,26023,76047
78015,Min,1/03/1966,Move,0.24,"Spr 0.39, sum 0.36",0.6,,,79023,77004,25507,25509,78034,76047,24023,80023,77042,24016
78015,Min,1/08/1949,Move,-0.32,,0.5,Yes,,79023,77004,78086,25509,80006,79042,78034,76047,24002,76064,1943-47 used as reference
78015,Min,1/01/1938,,-0.6,,0,Yes,,79023,77004,78086,25509,80006,79042,78034,24002,77007,80023
78015,Max,1/07/1930,Move,-0.23,Summer -0.57,-0.3,Yes,,79023,78034,25509,77004,76064,80006,78086,79042,89000,76047
78015,Min,1/07/1930,Move,0.46,,0.4,Yes,,79023,77004,78086,25509,80006,79042,78034,24002,77007,80023
78015,Min,1/01/1915,,-0.63,,-0.3,Yes,,79023,77004,80006,79042,78034,77007,80023,77035,77042,90044
80023,Min,18/01/2000,Move,-0.4,,-0.4,,,77094,74258,80015,75175,76047,80091,78077,81049,74128,88043
80023,Max,1/06/1957,Move,-0.71,,-0.7,,,77042,74128,81003,76031,89002,78031,47007,47019,72150,74114,"1949-53, 1962-66 used as reference"
80023,Min,1/08/1932,Move,-0.61,,-1,,,77042,74128,81003,76077,89002,78031,86071,47007,82039,21046
80023,Max,1/01/1922,,0.33,,-0.4,,,77042,74128,81003,76077,89002,78031,47007,47019,72151,86071
82039,Min,1/01/1974,,-0.57,,-0.6,,,74034,82053,82002,72097,82100,74106,81049,81084,72023,82001
82039,Min,1/01/1966,,-0.63,,-1.2,,,82053,82002,82001,72150,74114,80015,74039,74062,74128,75032,1955-59 used as reference
82039,Max,1/01/1950,,0.63,,0.6,Yes,,82053,72023,82001,82002,75028,75031,80043,72000,72150,80015
82039,Max,1/01/1938,,-0.59,,0,Yes,,82053,72023,82001,82002,75028,75031,80043,72000,80015,82016
82039,Min,1/01/1928,,-0.49,,-1.7,Yes,,82053,82002,72023,82001,75028,74009,80043,80015,74110,82016
84016,Max,1/01/1981,Move,0.9,,0.9,,,84070,69055,69093,84030,84083,69017,70005,85072,68034,69018
84016,Min,1/01/1981,Move,-0.33,,-0.3,,,84070,69055,85199,69017,85103,72091,81084,75028,81049,74106
84016,Max,1/05/1977,Site env,-0.42,,0.5,,,84070,69055,69093,84030,84083,69002,84108,69017,70005,85072
84016,Max,1/09/1927,Screen,-0.39,,0.1,Yes,,69002,70005,84080,68034,69018,83025,85096,85055,75028,75031
84016,Min,1/09/1927,Screen,-0.82,,-1.2,Yes,,80043,70067,74009,74128,72023,74110,82016,80015,74062,81003
84016,Max,1/01/1920,,0.81,,0.9,Yes,,69002,70005,84080,68034,69018,83025,85096,85055,75028,75031
84030,Max,18/04/1984,Move,-0.91,,-0.9,,,84083,85072,84070,85199,85277,99005,85096,85106,86077,87031
84030,Min,18/04/1984,Move,-0.38,,-0.4,,,84083,85072,84070,85277,83025,85199,82042,70005,85106,86050
84030,Max,25/08/1980,Screen,0.5,,-0.4,,,84108,84083,85072,84070,85199,85103,85227,99005,85096,85106
84030,Min,23/11/1966,Move,0.72,,0.3,,,84080,85072,83025,85103,83033,85106,84016,88109,70094,82053
84030,Max,1/01/1945,,0.66,,0.4,Yes,,84080,85026,85055,85096,86038,87065,86060,86071,86094,87025
85072,Min,17/06/1996,Merge,-0.72,,-0.7,,,85298
85072,Min,1/01/1989,,0.56,,-0.2,,,85279,85280,85277,84030,85106,84083,85240,85283,83025,81084
85072,Max,1/01/1980,,-0.36,,-0.4,,,84108,85103,84030,85199,84083,85106,85096,85227,86306,99005
85072,Max,1/01/1971,,0.51,,0.2,,,85103,84030,84083,85106,85096,85093,99005,84070,86147,87031,1977-79 used as reference
85072,Min,1/01/1970,,-0.53,,-0.7,,,85055,85103,84030,85106,85093,85153,84083,86094,86116,85152
85072,Max,1/01/1950,,-0.25,"Spr -0.39, sum -0.50",-0.1,,,86038,87031,84030,86071,85096,74128,90015,87054,76031,94007
85096,Max,1/01/1950,,-0.26,"Aut -0.42, win -0.43",-0.2,,,85072,87025,87031,84030,87054,90015,86071,86038,98001,89002
85096,Min,1/01/1930,,0.69,,0.7,,,90015,80023,86071,92045,87025,81003,77042,94010,98001,89002
86071,Min,1/01/1996,,0.5,,0.5,,,86282,86351,86104,86371,87031,87021,86077,86375,85296,88043,May be associated with new building across road
86071,Max,1/01/1990,,0.41,,0.4,,,86282,86077,86351,87031,86104,86127,87021,87163,85240,90083
86071,Min,1/01/1964,,0.54,,1.1,,,87005,85103,89002,89018,81003,80015,86116,88109,90147,90044
86071,Min,1/01/1929,,-0.4,,0.6,,,87025,80023,89002,81003,77094,74128,26020,98001,90015,92045
87031,Max,1/01/2002,,0.32,,0.4,,,86077,86071,86282,86361,87113,87163,86068,86351,86375,86104
87031,Max,1/01/1982,,-0.43,,-0.1,,,86077,86071,86282,87117,86351,86104,86127,87021,86017,85106,1988-92 used as reference
87031,Min,1/01/1982,,-0.64,,-0.7,,,86282,86071,86351,86077,87021,87117,86104,89085,89002,88043
87031,Min,1/01/1964,Obs time,0.02,,-0.6,,,87025,87005,89002,88109,86116,89018,88036,80015,85103,81003
87031,Max,1/01/1955,,0.46,,0.4,,,86038,86071,87025,89002,87054,90015,85072,98001,81003,77042
90015,Max,15/04/1994,AWS,-0.5,,-0.5,,,90014,90175,90083,90172,90180,87163,90171,90174,86127,86361,1996-2000 used as reference
90015,Min,15/04/1994,AWS,0.53,,0.5,,,90083,90180,90174,90014,86371,87021,90171,90173,86372,90172,1996-2000 used as reference
90015,Min,1/01/1988,,-0.42,,0.1,,,90083,90174,90014,87021,90171,86017,90173,89018,90172,85096
90015,Min,1/01/1959,,-0.41,,-0.3,,,90082,85096,89002,87025,98001,86071,81003,86038,26021,87031
90015,Min,1/01/1917,,0.7,,0.4,,,90082,85096,89002,87025,98001,86071,81003,26020,77042,91094
91293,Max,8/01/1998,Merge,-0.79,,-0.7,,,91057
91293,Max,15/08/1988,Move,-0.09,"Sum -0.54, win 0.44",-0.9,,,91237,91219,91104,91091,91092,91079,91119,97014,97073,93027
91293,Min,1/01/1983,,0.3,,0.3,,,91232,91237,91104,91123,91119,91186,91091,91079,91219,91022
91293,Max,1/01/1970,,0.41,,-0.3,,,91123,91104,91022,91091,91092,91111,96005,97047,91099,96015
91293,Min,1/04/1949,Move,0.24,"Aut 0.3, sum 0.37",0.6,,,91104,91049,94029,92045,97000,94007,96003,94010,85096,92038
91293,Max,1/08/1937,Screen,0.14,"Aut 0.4, win 0.37",-0.1,,,91049,91094,97000,98001
91311,Max,12/07/2004,Merge,0.69,,0.7,,,91104
91311,Min,1/01/1997,,-0.52,,-0.5,,,91237,91269,93053,92019,91219,91284,91126,92012,92094,96065
91311,Min,1/01/1969,Move,-0.86,,-1.3,,,91057,91111,92045,92033,91112,92038,93014,96021,91080,94029,1960-63 used as reference
91311,Max,1/04/1939,Merge,-1.07,,-0.8,,,91104,91049,,,,,,,,,Only 1939-47 used in merge. Merge 91049 and 91104
91311,Min,1/04/1939,Merge,-2.45,,-2.5,,,91104,91049,,,,,,,,,Only 1939-47 used in merge. Merge 91049 and 91104
91311,Max,1/01/1939,,0.27,"Aut 0.44, spr 0.42",-0.8,,,91057,81003,97000,89002,85096,94029,92038,,,,Adjustment applied prior to data use in overlap
91311,Max,1/12/1929,Move,-0.14,"Aut -0.52, win -0.48",-0.9,,,91057,81003,97000,89002,85096,94029,92038
91311,Min,1/12/1929,Move,-0.31,,-2.8,,,91057,92045,92038,94029
92045,Max,1/01/1997,Move,0.62,,0.6,,,92033,92037,92012,92019,92003,92094,92038,91284,91269,93053
92045,Min,1/01/1997,Move,0.43,,0.5,,,92037,91284,92094,91219,91009,92033,92003,91237,91104,91126
92045,Min,1/01/1991,,-0.41,,0,,,92037,92094,91219,91009,92033,92003,91237,91030,91079,91104
92045,Max,1/01/1985,,0.34,,0.9,,,92033,92003,92094,92038,92085,93036,91104,91022,91219,91237
92045,Min,1/01/1969,,0.3,,0.3,,,91009,92033,92003,91030,91099,91123,91112,91119,91107,91111
92045,Max,1/01/1965,,-0.47,,0.5,,,92033,92038,91104,94008,93014,91107,94029,91112,99005,94056
94010,Min,1/01/1995,,0.5,,0.5,,,94166,94157,95060,94041,94029,97053,94087,91223,96065,94008
94010,Min,1/01/1991,,-0.6,,-0.1,,,94157,94041,94029,97053,94087,91223,96065,94008,95018,91119
94010,Max,13/11/1961,Move,0.47,,0.5,,,94008,94027,94029,94069,94056,94041,95003,97000,92038,98001
94010,Max,1/04/1939,Move,-0.25,"Spr -0.46, sum -0.33",0.2,,,94029,97000,92038,98001,90015,85096,87025,86071,87054,89002
94029,Min,1/01/1966,Move/obs time,0.53,,0.5,,,94056,94069,94010,95003,93014,97000,96015,96021,94027,96003
94069,Min,1/01/2001,,0.31,,0.3,,,94020,94201,95003,94008,94029,95048,95063,96071,94137,94195
94069,Max,1/03/1993,Move,0.39,,0.4,,,94137,94008,94029,95003,94157,95018,94010,97053,92100,92027,"1982-86 used as reference, across moves 1990, 1993"
96003,Max,21/05/2008,Merge,0.1,Winter 0.67,0.1,,,96071
96003,Min,1/01/2006,,-0.31,,-0.3,,,95018,94201,94069,97053,94195,94029,95048,95060,95003,94008
96003,Min,1/01/2001,,0.43,,0.1,,,95018,94201,94069,97053,94195,94029,95048,95060,95003,94008,Adjustment applied prior to data use in overlap
96003,Max,7/10/1993,Merge,-0.16,Winter 0.57,-0.2,,,96071
96003,Max,25/10/1989,Screen,0.21,"Spr 0.48, sum 0.32",0.1,,,95018,95011,95003,97053,97073,97034,97014,94069,93014,94137
96003,Max,1/01/1976,,-0.41,,-0.4,,,95011,96015,95001,95003,96021,97053,97034,94146,95015,97014
96003,Min,1/01/1967,,-0.34,,-0.3,,,95003,94069,96015,94029,96002,94008,94027,94056,93014,,1971-75 used as reference
96003,Min,1/01/1952,,0.63,,0.3,,,94029,94007,97000,91057,94010,91104,91049,92038
96003,Max,1/01/1949,,0.38,,0,,,97000,89002,91104,98001,94010,26021,94029,81003,94007,90015
